<?xml version="1.0" encoding="UTF-8"?>

<mule xmlns:db="http://www.mulesoft.org/schema/mule/db" xmlns:http="http://www.mulesoft.org/schema/mule/http" xmlns="http://www.mulesoft.org/schema/mule/core" xmlns:doc="http://www.mulesoft.org/schema/mule/documentation"
	xmlns:spring="http://www.springframework.org/schema/beans" 
	xmlns:xsi="http://www.w3.org/2001/XMLSchema-instance"
	xsi:schemaLocation="http://www.springframework.org/schema/beans http://www.springframework.org/schema/beans/spring-beans-current.xsd
http://www.mulesoft.org/schema/mule/core http://www.mulesoft.org/schema/mule/core/current/mule.xsd
http://www.mulesoft.org/schema/mule/db http://www.mulesoft.org/schema/mule/db/current/mule-db.xsd
http://www.mulesoft.org/schema/mule/http http://www.mulesoft.org/schema/mule/http/current/mule-http.xsd">
    <http:listener-config name="HTTP_Listener_Configuration" host="0.0.0.0" port="8057" doc:name="HTTP Listener Configuration"/>
    <db:generic-config name="Generic_Database_Configuration" url="jdbc:sqlserver://g2vappdbtst01.bpww.org:1433;databaseName=dbURLS_QA;user=urlsuser;password=urlsuser" driverClassName="com.microsoft.sqlserver.jdbc.SQLServerDriver" doc:name="Generic Database Configuration"/>
    <db:generic-config name="Generic_Database_Configuration1" url="jdbc:sqlserver://g2vappdbtst01.bpww.org:1433;databaseName=dbURLS_QA;user=urlsuser;password=urlsuser" driverClassName="com.microsoft.sqlserver.jdbc.SQLServerDriver" queryTimeout="" fetchSize="" source="" target="" transactionalAction="JOIN_IF_POSSIBLE" streaming="false" maxRows="" config-ref="Generic_Database_Configuration1" doc:name="Generic Database Configuration"/>
    <flow name="mavenFlow">
        <http:listener config-ref="HTTP_Listener_Configuration" path="/maven" allowedMethods="GET" doc:name="HTTP"/>
        <db:select config-ref="Generic_Database_Configuration1" doc:name="Database">
            <db:parameterized-query><![CDATA[select * from top 10 * from Incident]]></db:parameterized-query>
        </db:select>
        <logger message="#[payload]" level="INFO" doc:name="Logger"/>
    </flow>
</mule>
